<?xml version="1.0" encoding="UTF-8"?>
<!DOCTYPE beans PUBLIC "-//SPRING//DTD BEAN//EN"
    "http://www.springframework.org/dtd/spring-beans.dtd">
<beans>
	<!-- start:  Generated for FbpGrades From Template: ssb-dao.xml.beansvm  -->

	<bean id="accessoriesDAO"
		class="com.zte.eas.appframe.access.accessory.dao.FbpAccessoriesDAO">
		<property name="sessionFactory" ref="sessionFactory" />
	</bean>
	<bean id="accessoryPathsDAO"
		class="com.zte.eas.appframe.access.accessory.dao.FbpAccessoryPathsDAO">
		<property name="sessionFactory" ref="sessionFactory" />
	</bean>
	<bean id="accessoryVDAO"
		class="com.zte.eas.appframe.access.accessory.dao.FbpAccessoryVDAO">
		<property name="sessionFactory" ref="sessionFactory" />
	</bean>

	<bean id="fbpSynchRequestsDAO"
		class="com.zte.eas.appframe.access.synrequest.dao.FbpSynchRequestsDAO">
		<property name="sessionFactory" ref="sessionFactory" />
	</bean>

	<bean id="fbpSynchRequestsVDAO"
		class="com.zte.eas.appframe.access.synrequest.dao.FbpSynchRequestsVDAO">
		<property name="sessionFactory" ref="sessionFactory" />
	</bean>

	<bean id="fbpBulletinsDeptDAO"
		class="com.zte.eas.appframe.access.bulletinmanager.dao.FbpBulletinsDeptDAO">
		<property name="sessionFactory" ref="sessionFactory" />
	</bean>

	<bean id="fbpBulletinsVDAO"
		class="com.zte.eas.appframe.access.bulletinmanager.dao.FbpBulletinsVDAO">
		<property name="sessionFactory" ref="sessionFactory" />
	</bean>

	<bean id="fbpBulletinsDAO"
		class="com.zte.eas.appframe.access.bulletinmanager.dao.FbpBulletinsDAO">
		<property name="sessionFactory" ref="sessionFactory" />
	</bean>

	<bean id="sieSysParmDAO"
		class="com.zte.eas.appframe.access.sysparm.dao.SieSysParmDAO">
		<property name="sessionFactory" ref="sessionFactory" />
	</bean>

	<bean id="fbpCurrenciesVDAO"
		class="com.zte.eas.appframe.access.currencies.dao.FbpCurrenciesVDAO">
		<property name="sessionFactory" ref="sessionFactory" />
	</bean>

	<bean id="fbpEmployeesLoginVDAO"
		class="com.zte.eas.appframe.access.syscommon.dao.FbpEmployeesLoginVDAO">
		<property name="sessionFactory" ref="sessionFactory" />
	</bean>
	<bean id="wfFacadeDAO"
		class="com.zte.eas.appframe.access.wfFacade.dao.WfFacadeDAO">
		<property name="sessionFactory" ref="sessionFactory" />
	</bean>

	<bean id="fbploginsDAO"
		class="com.zte.eimage.access.common.dao.FbploginsDAO">
		<property name="sessionFactory" ref="sessionFactory" />
	</bean>
	<!-- end:  Generated for FbpGrades From Template: ssb-dao.xml.beansvm  -->
</beans>
