<?xml version="1.0" encoding="UTF-8"?>
<!DOCTYPE beans PUBLIC "-//SPRING//DTD BEAN//EN"
    "spring-beans.dtd">

<beans>
	<!-- start:  Generated for FbpGrades From Template: ssb-ds.xml.vm  -->
	<bean id="accessoriesDS"
		class="com.zte.eas.appframe.business.accessory.service.FbpAccessoriesDS"
		remoting="true" servicepath="accessoriesDS"
		service="com.zte.eas.appframe.business.accessory.service.IFbpAccessoriesDS">
		<property name="accessoriesDAO" ref="accessoriesDAO" />
		<property name="accessoryPathsDAO" ref="accessoryPathsDAO" />
		<property name="accessoryVDAO" ref="accessoryVDAO" />
	</bean>
	<bean id="fbpSynchRequestsDS"
		class="com.zte.eas.appframe.business.synrequest.service.FbpSynchRequestsDS"
		remoting="true" servicepath="fbpSynchRequestsDS"
		service="com.zte.eas.appframe.business.synrequest.service.IFbpSynchRequestsDS">
		<property name="fbpSynchRequestsDAO" ref="fbpSynchRequestsDAO" />
		<property name="fbpSynchRequestsVDAO"
			ref="fbpSynchRequestsVDAO" />
	</bean>

	<bean id="fbpBulletinDS"
		class="com.zte.eas.appframe.business.bulletinmanager.service.FbpBulletinDS"
		remoting="true" servicepath="fbpBulletinDS"
		service="com.zte.eas.appframe.business.bulletinmanager.service.IFbpBulletinDS">
		<property name="fbpBulletinsVDAO" ref="fbpBulletinsVDAO" />
		<property name="fbpBulletinsDAO" ref="fbpBulletinsDAO" />
		<property name="fbpEmployeesLoginVDAO"
			ref="fbpEmployeesLoginVDAO" />
		<property name="fbpBulletinsDeptDAO" ref="fbpBulletinsDeptDAO" />
	</bean>
	<bean id="templateUpload"
		class="com.zte.eas.appframe.business.bulletinmanager.service.TemplateUpload"
		remoting="true" servicepath="templateUpload"
		service="com.zte.eas.appframe.business.bulletinmanager.service.ITemplateUpload">
		<property name="accessoriesDS" ref="accessoriesDS" />
	</bean>

	<bean id="sieSysParmDS"
		class="com.zte.eas.appframe.business.sysparm.service.SieSysParmDS"
		remoting="true" servicepath="sieSysParmDS"
		service="com.zte.eas.appframe.business.sysparm.service.ISieSysParmDS">
		<property name="sieSysParmDAO" ref="sieSysParmDAO" />
	</bean>

	<bean id="fbpCurrenciesVDS"
		class="com.zte.eas.appframe.business.currencies.service.FbpCurrenciesVDS"
		remoting="true" servicepath="fbpCurrenciesVDS"
		service="com.zte.eas.appframe.business.currencies.service.IFbpCurrenciesVDS">
		<property name="fbpCurrenciesVDAO" ref="fbpCurrenciesVDAO" />
	</bean>
	<bean id="easSystemHomeDS"
		class="com.zte.eas.appframe.business.systemhome.service.EasSystemHomeDS"
		remoting="true" servicepath="easSystemHomeDS"
		service="com.zte.eas.appframe.business.systemhome.service.IEasSystemHomeDS">
	</bean>
	<bean id="fbploginsDS"
		class="com.zte.eas.appframe.business.fbpLogins.service.FbploginsDS"
		remoting="true" servicepath="fbploginsDS"
		service="com.zte.eas.appframe.business.fbpLogins.service.IFbploginsDS">
		<property name="fbploginsDAO" ref="fbploginsDAO" />
	</bean>
	<!-- end:  Generated for FbpGrades From Template: ssb-ds.xml.vm  -->
</beans>