<?xml version="1.0" encoding="utf-8"?>
<ui_ssb>
	<ssb_authorization>false</ssb_authorization>
	<ssb_commons>
		languageChange.do,login.do,base.jsp,menubase.jsp,message.jsp,redirect.jsp,error.jsp,noPrivilege.jsp,authori.jsp,taglibs.jsp,login.jsp,FrameTop.jsp,FrameLeftTop.jsp,FrameLeftMenu.jsp,FrameLeftDown.jsp,FrameShowPos.jsp,help.jsp,FrameTopMenu.jsp,FOLlogindex.jsp,FOLlogin.jsp,userpath.jsp,db.jsp,forward.jsp,FrameTop_tree.jsp,FrameLeftTop_tree.html,FrameLeftMenu_tree.jsp,help_tree.jsp,FrameTopMenu_tree.jsp,help1.htm,aa.htm,about.html,direct.htm,feedback.htm,FrameLeftDown.html,FrameLeftMenu.html,FrameLeftTop.html,FrameShowPos.html,FrameTop.html,FrameTopMenu.html,help.html,help1.htm,help3.htm,home3.htm,home31.htm,logout.html,navigate.html,top.htm,version.html,zuzhi.htm,login.html,index.html,authori.html
	</ssb_commons>
	<project_commonfile>index/help</project_commonfile>
	<ui_toolbar>
		<toolbar id="toolbar.001" name="主页">
			<uriList>
				<uri location="/uiloader/index/help.html" name="主页" />
			</uriList>
		</toolbar>
		<toolbar id="toolbar.002" name="导航">
			<uriList>
				<uri location="/uiloader/index/navigate.html" name="导航" />
			</uriList>
		</toolbar>
		<toolbar id="toolbar.006" name="版本信息">
			<uriList>
				<uri location="/uiloader/index/version.html" name="版本信息" />
			</uriList>
		</toolbar>
		<toolbar id="toolbar.007" name="帮助">
			<uriList>
				<uri location="/uiloader/index/help1.htm" name="帮助" />
			</uriList>
		</toolbar>
		
		<toolbar id="toolbar.008" name="关于">
			<uriList>
				<uri location="/uiloader/index/about.html" name="关于" />
			</uriList>
		</toolbar>
		
		<toolbar id="toolbar.009" name="注销">
			<uriList>
				<uri location="/logout.do" name="注销" />
			</uriList>
		</toolbar>
	</ui_toolbar>
	<ui_menu>
		<menu id="001000000" name="与我有关 ">
			<menu id="001001000" name="我的单据">
				<menu id="001001001" name="我报账的">
				 <uriList>
					<uri location="/apps/personabout/myboe/myExpenseIndex.html"/>
					</uriList>
				</menu>
				<menu id="001001002" name="待我审核">
				   <uriList>
					<uri location="/apps/personabout/myboe/myNeedApprovalIndex.html"/>
					</uriList>
				</menu>
				<menu id="001001003" name="我审批的">
				 <uriList>
					<uri location="/apps/personabout/myboe/myApprovalIndex.html"/>
					</uriList>
				</menu>
				<menu id="001001004" name="我的退单">
				<uriList>
					<uri location="/apps/personabout/myboe/myWithdrawIndex.html"/>
					</uriList>
				</menu>
				<menu id="001001005" name="单据草稿">
				 <uriList>
					<uri location="/apps/personabout/myboe/myDraftIndex.html"/>
					</uriList>
				</menu>
			</menu>
			
			<menu id="001002000" name="我的信息">
				<menu id="001002001" name="模版下载">
					<uriList>
						<uri location="/apps/personabout/templatedownload/templateDownloadIndex.html" />
					</uriList>
				</menu>
				<menu id="001002002" name="个人信息">
					<uriList>
						<uri location="/apps/personabout/myInfo/myInfoIndex.html" />
					</uriList>
				</menu>				
				<menu id="001002003" name="工作委派">
					<uriList>
						<uri location="/apps/personabout/myAuthorization/myAuthorizationIndex.html" />
					</uriList>
				</menu>				
			</menu>
			 <uriList>
			<uri location="/introduction/myselfintroduction.html" />
			</uriList>
		</menu>
			
		<menu id="20002100" name="管理报表">
			<menu id="200002200" name="业务类报表">
			   <menu id="200002201" name="单据查询">
			   	<uriList>
			   	<uri location="/apps/report/billquery/billQueryIndex.html"></uri>
			   	</uriList>
			   </menu>
			</menu>
			 <uriList>
			<uri location="/introduction/reportintroduction.html"/>
			</uriList>
		</menu>
		
		<menu id="200100100" name="业务报帐">
			<menu id="200200100" name="日常费用报帐">
			   <uriList>
			   	<uri location="/apps/boeguide/boeframe/boeFrameIndex.html"/>
			   </uriList>
			</menu>
			<menu id="200300300" name="还款报帐">
			   <uriList>
			   	<uri location="/apps/boeguide/boeframe/boeFrameIndex.html"/>
			   </uriList>
			</menu>
			<menu id="200300700" name="预付发票报帐">
			   <uriList>
			   	<uri location="/apps/boeguide/boeframe/boeFrameIndex.html"/>
			   </uriList>
			</menu>
			<menu id="200300800" name="供应商新增报账">
			   <uriList>
			   	<uri location="/apps/boeguide/boeframe/boeFrameIndex.html"/>
			   </uriList>
			</menu>
			<menu id="200300900" name="支付申请报账">
			   <uriList>
			   	<uri location="/apps/boeguide/boeframe/boeFrameIndex.html"/>
			   </uriList>
			</menu>
		
			<menu id="200300100" name="采购订单报帐">
			   <uriList>
			   	<uri location="/apps/boeguide/boeframe/boeFrameIndex.html"/>
			   </uriList>
			</menu>
			<menu id="200400100" name="税金报账">
			   <uriList>
			   	<uri location="/apps/boeguide/boeframe/boeFrameIndex.html"/>
			   </uriList>
			</menu>
			<menu id="200500100" name="批量报帐">
			   <uriList>
			   	<uri location="/apps/boeguide/boeframe/boeFrameIndex.html"/>
			   </uriList>
			</menu>
			<menu id="200600100" name="总帐日记帐报账">
			   <uriList>
			   	<uri location="/apps/boeguide/boeframe/boeFrameIndex.html"/>
			   </uriList>
			</menu>
			<menu id="200700100" name="其他报账">
			   <uriList>
			   	<uri location="/apps/boeguide/boeframe/boeFrameIndex.html"/>
			   </uriList>
			</menu>
			
			<menu id="200800100" name="应收发票报帐模板">
			   <uriList>
			   	<uri location="/apps/boeguide/boeframe/boeFrameIndex.html"/>
			   </uriList>
			</menu>
			<menu id="200700110" name="资金管理">
			   <uriList>
			   	<uri location="/apps/boeguide/boeframe/boeFrameIndex.html"/>
			   </uriList>
			</menu>
			<menu id="200900100" name="差旅费报账">
			   <uriList>
			   	<uri location="/apps/boeguide/boeframe/boeFrameIndex.html"/>
			   </uriList>
			</menu>
			<menu id="200010100" name="应收收款">
			   <uriList>
			   	<uri location="/apps/boeguide/boeframe/boeFrameIndex.html"/>
			   </uriList>
			</menu>
			<menu id="200020100" name="计提费用">
			   <uriList>
			   	<uri location="/apps/boeguide/boeframe/boeFrameIndex.html"/>
			   </uriList>
			</menu>
			<menu id="200030100" name="暂收报帐">
			   <uriList>
			   	<uri location="/apps/boeguide/boeframe/boeFrameIndex.html"/>
			   </uriList>
			</menu>
			 <uriList>	
			<uri location="/introduction/reportintroduction.html"/>
			</uriList>
		</menu>
		
		<menu id="400100100" name="财务管理">
		     <menu id="400200100" name="MIS事务处理">
		        <menu id="400200101" name="应付发票导入">
		           <uriList>
		           	<uri location="/apps/accountmgt/apimport/apImportIndex.html"></uri>
		           </uriList>
		        </menu>
		         <menu id="400200102" name="应收发票导入">
		           <uriList>
		           	<uri location="/apps/accountmgt/arimport/arImportIndex.html"></uri>
		           </uriList>
		        </menu>
		         <menu id="400200103" name="总帐凭证导入">
		           <uriList>
		           	<uri location="/apps/accountmgt/glimport/glImportIndex.html"></uri>
		           </uriList>
		        </menu>
		         <menu id="400200104" name="收款导入">
		           <uriList>
		           	<uri location="/apps/accountmgt/receiptImport/receiptImportIndex.html"></uri>
		           </uriList>
		        </menu>
		         <menu id="400200105" name="单据异常处理">
		           <uriList>
		           	<uri location="/apps/accountmgt/boeDifference/boeDifferenceHandleIndex.html"></uri>
		           </uriList>
		        </menu>		        
		     </menu>
		 <uriList>   
			<uri location="/introduction/financeintroduction.html"></uri>
		</uriList>
		</menu>
		
		<menu id="500100100" name="票据管理">
			    <menu id="500200100" name="地市公司传递">
			    	<uriList>
			    		<uri location="/apps/billmgt/bpprocess/cityTransfer.html"></uri>
			    	</uriList>
			    </menu>
			    <menu id="500200200" name="核算中心接收">
			    	<uriList>
			    		<uri location="/apps/billmgt/bpprocess/accountCenterReceive.html"></uri>
			    	</uriList>
			    </menu>
			    <menu id="500200300" name="核算中心退单">
			    	<uriList>
			    		<uri location="/apps/billmgt/bpprocess/accountCenterReject.html"></uri>
			    	</uriList>
			    </menu>
			    <menu id="500200400" name="地市公司接收">
			    	<uriList>
			    		<uri location="/apps/billmgt/bpprocess/cityReceive.html"></uri>
			    	</uriList>
			    </menu>
			    <menu id="500200500" name="核算会计接收">
			    	<uriList>
			    		<uri location="/apps/billmgt/bpprocess/accountantReceive.html"></uri>
			    	</uriList>
			    </menu>
			    <menu id="500200600" name="档案室接收">
			    	<uriList>
			    		<uri location="/apps/billmgt/bpprocess/archivesReceive.html"></uri>
			    	</uriList>
			    </menu>
			    <menu id="500200700" name="票据查询">
			    	<uriList>
			    		<uri location="/apps/billmgt/bpprocess/billQuery.html"></uri>
			    	</uriList>
			    </menu>
			 <uriList>    
				<uri location="/introduction/bpbillintroduction.html"></uri>
			</uriList>
		</menu>
		
		<menu id="600100100" name="系统管理">
				<menu id="600200100" name="组织架构">
					<menu id="6000100002" name="核算体系维护">
						<uriList>
							<uri location="/apps/organization/checkunitsmanage/checkUnitsIndex.html"></uri>
						</uriList>
	    			</menu>
	    			<menu id="600010000" name="组织管理">
						<uriList>
							<uri location="/apps/organization/organizationmanage/organizationManageIndex.html"></uri>
						</uriList>
	    			</menu>
	    			<menu id="600010003" name="人员维护">
						<uriList>
							<uri location="/apps/organization/employeemanage/employeeManageIndex.html"></uri>
						</uriList>
	    			</menu>
				</menu>
				
				<menu id="600300100" name="系统配置">
					<menu id="700010003" name="单据类型维护">
						<uriList>
							<uri location="/apps/boeguide/boetypeconfig/boetypeindex.html"></uri>
						</uriList>
	    			</menu>
	    			<menu id="700010005" name="快速编码">
						<uriList>
							<uri location="/apps/resconfig/lookupManage/lookupIndex.html"></uri>
						</uriList>
	    			</menu>
	    			<menu id="700010006" name="编码规则定义">
						<uriList>
							<uri location="/apps/resconfig/numberrule/numberRuleIndex.html"></uri>
						</uriList>
	    			</menu>
	    			<menu id="70001000" name="模板上载">
						<uriList>
							<uri location="/apps/boeguide/boetemplate/templateindex.html"></uri>
						</uriList>
	    			</menu>
	    			<menu id="600010004" name="信用等级维护">
						<uriList>
							<uri location="/apps/resconfig/grademanager/grademanagerindex.html"></uri>
						</uriList>
	    			</menu>
	    			<menu id="600300107" name="系统参数">
						<uriList>
							<uri location="/apps/appframe/sysparm/sysParmIndex.html"></uri>
						</uriList>
	    			</menu>
				</menu>
				
				<menu id="flow.chart.001" name="流程配置">
					<menu id="flow.chart.expedition.001" name="审批流配置">
						<uriList>
							<uri location="/apps/flowruleengine/wfdefine/wfDefineIndex.html"></uri>
						</uriList>
	    			</menu>
	    			<menu id="flow.chart.business.001" name="职务维护">
						<uriList>
							<uri location="/apps/flowruleengine/position/positionsMgrIndex.html"></uri>
						</uriList>
	    			</menu>
	    			<menu id="flow.chart.functionary.001" name="职务层次维护">
						<uriList>
							<uri location="/apps/flowruleengine/posstru/posStruElementsIndex.html"></uri>
						</uriList>
	    			</menu>
	    			<menu id="flow.chart.duty.001" name="职位维护">
						<uriList>
							<uri location="/apps/flowruleengine/job/jobMaintance.html"></uri>
						</uriList>
	    			</menu>
	    			<menu id="flow.chart.fishingexpedition.001" name="审批类型维护">
						<uriList>
							<uri location="/apps/flowruleengine/approvetype/approveTypesIndex.html"></uri>
						</uriList>
	    			</menu>
	    			<menu id="flow.chart.product.001" name="项目流程设置">
						<uriList>
							<uri location="/apps/budgetMgt/productSet/productSet.html"></uri>
						</uriList>
	    			</menu>
	    			
				</menu>
				
				<menu id="auditor.ship.001" name="会计管理">
					<menu id="auditor.ship.accountant.001" name="会计期间管理">
						<uriList>
							<uri location="/apps/resconfig/periods/periodsIndex.html"></uri>
						</uriList>
	    			</menu>
	    			<menu id="auditor.ship.remediation.001" name="补贴标准">
						<uriList>
							<uri location="/apps/resconfig/allowancestd/allowanceStdIndex.html"></uri>
						</uriList>
	    			</menu>
	    			<menu id="auditor.ship.portfolio.001" name="业务类型">
						<uriList>
							<uri location="/apps/resconfig/operationtype/operationTypeIndex.html"></uri>
						</uriList>
	    			</menu>
	    			<menu id="auditor.ship.budget.001" name="预算设置">
						<uriList>
							<uri location="/apps/resconfig/budgetdefines/budgetDefinesIndex.html"></uri>
						</uriList>
	    			</menu>
				</menu>
				
				<menu id="006006000" name="系统管理">
				   <menu id="006006002" name="同步管理">
				   		<uriList>
				   			<uri location="/apps/appframe/synrequest/synchReqestIndex.html"></uri>
				   		</uriList>
				   </menu>
				</menu>
				
				<menu id="006007000" name="公告模板">
				   <menu id="006007001" name="公告发布">
				   		<uriList>
				   			<uri location="/apps/appframe/bulletinmanager/bulletinUploadIndex.html"></uri>
				   		</uriList>
				   </menu>
				   <menu id="006007002" name="模板上传">
				   		<uriList>
				   			<uri location="/apps/appframe/bulletinmanager/templateUploadIndex.html"></uri>
				   		</uriList>
				   </menu>
				</menu>
				
				<menu id="ssb.menu.100001111" name="组件管理">
					<menu id="ssb.menu.100001121" name="系统组件">
						<uriList>
							<uri location="/app/SystemConfig/systemcomponentinfo.html"></uri>
						</uriList>
					</menu>
				</menu>
				
				<menu id="ssb.menu.500001121" name="应用配置">
					<menu id="ssb.menu.500001131" name="日志配置">
						<uriList>
							<uri location="/app/SystemConfig/logconfig.html"></uri>
						</uriList>
					</menu>
					<menu id="ssb.menu.500001132" name="定时器配置">
						<uriList>
							<uri location="/app/SystemConfig/timerconfig.html"></uri>
						</uriList>
					</menu>
				</menu>
				
				<menu id="ssb.menu.400001121" name="日志管理">
					<menu id="ssb.menu.400001131" name="业务日志策略">
						<uriList>
							<uri location="/app/LogManager/applogMgt.html"></uri>
						</uriList>
					</menu>
					<menu id="ssb.menu.400001132" name="业务日志查询">
						<uriList>
							<uri location="/app/LogManager/applogsearch.html"></uri>
						</uriList>
					</menu>
				</menu>
				
				<menu id="ssb.menu.300001121" name="界面管理">
					<menu id="ssb.menu.300001131" name="菜单管理">
						<uriList>
							<uri location="/riatools/application/menu.html"></uri>
						</uriList>
					</menu>
					<menu id="ssb.menu.300001132" name="主界面管理">
						<uriList>
							<uri location="/riatools/assistantmanager/AssistantLookManager.html"></uri>
						</uriList>
					</menu>
					<menu id="ssb.menu.300001133" name="页面管理">
						<uriList>
							<uri location="/riatools/pagemanager/pageMgt.html"></uri>
						</uriList>
					</menu>
				</menu>
				 <menu id="ssb.menu.30000002" name="授权管理">
			      <menu id="ssb.menu.30000003" name="我的权限" >
			        <uriList>
			          <uri location="/jam/gamDelegateRightActionInit.do?operation=MyAccredit"/>
			        </uriList>
			      </menu>
			      <menu id="ssb.menu.30000004" name="权限查询" >
			        <uriList>
			          <uri location="/riatools/application/menu.html"/>
			        </uriList>
			      </menu>
			      <menu id="ssb.menu.30000018" name="系统授权" >
			        <uriList>
			          <uri location="/riatools/application/menu.html"/>
			        </uriList>
			      </menu>
			      <menu id="ssb.menu.30000015" name="工作委派" >
			        <uriList>
			          <uri location="/riatools/application/menu.html"/>
			        </uriList>
			      </menu>                                
			    </menu>
			    <menu id="ssb.menu.30000005" name="资源管理">
			      <menu id="ssb.menu.30000006" name="类型管理" >
			        <uriList>
			          <uri location="/riatools/application/menu.html"/>
			        </uriList>
			      </menu>
			      <menu id="ssb.menu.30000007" name="属性管理" >
			        <uriList>
			          <uri location="/riatools/assistantmanager/AssistantLookManager.html"/>
			        </uriList>
			      </menu>
			      <menu id="ssb.menu.30000013" name="规则管理" >
			        <uriList>
			          <uri location="/riatools/pagemanager/pageMgt.html"/>
			        </uriList>
			      </menu>                          
			    </menu>
			    <menu id="ssb.menu.30000008" name="基础数据">
			      <menu id="ssb.menu.30000009" name="用户管理" >
			        <uriList>
			          <uri location="/riatools/application/menu.html"/>
			        </uriList>
			      </menu>
			      <menu id="ssb.menu.30000010" name="用户组管理" >
			        <uriList>
			          <uri location="/riatools/application/menu.html"/>
			        </uriList>
			      </menu>
			      <menu id="ssb.menu.30000014" name="角色管理" >
			        <uriList>
			          <uri location="/riatools/application/menu.html"/>
			        </uriList>
			      </menu>
			      <menu id="ssb.menu.30000016" name="组织管理" >
			        <uriList>
			          <uri location="/riatools/application/menu.html"/>
			        </uriList>
			      </menu>                                
			    </menu>             
			 <uriList>								
			<uri location="/introduction/systemintroduction.html"></uri>
			</uriList>
		</menu>

	</ui_menu>
</ui_ssb>
