<?xml version="1.0" encoding="UTF-8"?>
<definitions targetNamespace="http://www.evs.com/services/SyncImage" xmlns="http://schemas.xmlsoap.org/wsdl/" xmlns:apachesoap="http://xml.apache.org/xml-soap" xmlns:impl="http://www.evs.com/services/SyncImage" xmlns:intf="http://www.evs.com/services/SyncImage" xmlns:soapenc="http://schemas.xmlsoap.org/soap/encoding/" xmlns:tns1="impl:EidImages" xmlns:tns2="impl:CompanyInfo" xmlns:tns3="impl:OperationTypeInfo" xmlns:tns4="impl:IsExistsResponse" xmlns:wsdl="http://schemas.xmlsoap.org/wsdl/" xmlns:wsdlsoap="http://schemas.xmlsoap.org/wsdl/soap/" xmlns:xsd="http://www.w3.org/2001/XMLSchema">
<!--WSDL created by Apache Axis version: 1.4
Built on Apr 22, 2006 (06:55:48 PDT)-->
 <wsdl:types>
  <schema targetNamespace="impl:CompanyInfo" xmlns="http://www.w3.org/2001/XMLSchema">
   <import namespace="impl:IsExistsResponse"/>
   <import namespace="impl:EidImages"/>
   <import namespace="http://www.evs.com/services/SyncImage"/>
   <import namespace="impl:OperationTypeInfo"/>
   <import namespace="http://schemas.xmlsoap.org/soap/encoding/"/>
   <complexType name="CompanyInfo">
    <sequence>
     <element name="companyCode" nillable="true" type="xsd:string"/>
     <element name="companyName" nillable="true" type="xsd:string"/>
     <element name="siteId" nillable="true" type="xsd:long"/>
    </sequence>
   </complexType>
  </schema>
  <schema targetNamespace="http://www.evs.com/services/SyncImage" xmlns="http://www.w3.org/2001/XMLSchema">
   <import namespace="impl:IsExistsResponse"/>
   <import namespace="impl:EidImages"/>
   <import namespace="impl:OperationTypeInfo"/>
   <import namespace="impl:CompanyInfo"/>
   <import namespace="http://schemas.xmlsoap.org/soap/encoding/"/>
   <complexType name="ArrayOf_tns2_CompanyInfo">
    <complexContent>
     <restriction base="soapenc:Array">
      <attribute ref="soapenc:arrayType" wsdl:arrayType="tns2:CompanyInfo[]"/>
     </restriction>
    </complexContent>
   </complexType>
   <complexType name="ArrayOf_tns3_OperationTypeInfo">
    <complexContent>
     <restriction base="soapenc:Array">
      <attribute ref="soapenc:arrayType" wsdl:arrayType="tns3:OperationTypeInfo[]"/>
     </restriction>
    </complexContent>
   </complexType>
   <complexType name="ArrayOf_tns4_IsExistsResponse">
    <complexContent>
     <restriction base="soapenc:Array">
      <attribute ref="soapenc:arrayType" wsdl:arrayType="tns4:IsExistsResponse[]"/>
     </restriction>
    </complexContent>
   </complexType>
  </schema>
  <schema targetNamespace="impl:OperationTypeInfo" xmlns="http://www.w3.org/2001/XMLSchema">
   <import namespace="impl:IsExistsResponse"/>
   <import namespace="impl:EidImages"/>
   <import namespace="http://www.evs.com/services/SyncImage"/>
   <import namespace="impl:CompanyInfo"/>
   <import namespace="http://schemas.xmlsoap.org/soap/encoding/"/>
   <complexType name="OperationTypeInfo">
    <sequence>
     <element name="operationTypeCode" nillable="true" type="xsd:string"/>
     <element name="operationTypeName" nillable="true" type="xsd:string"/>
    </sequence>
   </complexType>
  </schema>
  <schema targetNamespace="impl:EidImages" xmlns="http://www.w3.org/2001/XMLSchema">
   <import namespace="impl:IsExistsResponse"/>
   <import namespace="http://www.evs.com/services/SyncImage"/>
   <import namespace="impl:OperationTypeInfo"/>
   <import namespace="impl:CompanyInfo"/>
   <import namespace="http://schemas.xmlsoap.org/soap/encoding/"/>
   <complexType name="UserInfo">
    <sequence>
     <element name="companyInfos" nillable="true" type="impl:ArrayOf_tns2_CompanyInfo"/>
     <element name="loginResult" type="xsd:int"/>
     <element name="maxPassErrorCount" nillable="true" type="xsd:int"/>
     <element name="operationTypeInfos" nillable="true" type="impl:ArrayOf_tns3_OperationTypeInfo"/>
     <element name="passErrorCount" nillable="true" type="xsd:int"/>
     <element name="passUnLockTime" nillable="true" type="xsd:int"/>
     <element name="ticket" nillable="true" type="xsd:string"/>
    </sequence>
   </complexType>
  </schema>
  <schema targetNamespace="impl:IsExistsResponse" xmlns="http://www.w3.org/2001/XMLSchema">
   <import namespace="impl:EidImages"/>
   <import namespace="http://www.evs.com/services/SyncImage"/>
   <import namespace="impl:OperationTypeInfo"/>
   <import namespace="impl:CompanyInfo"/>
   <import namespace="http://schemas.xmlsoap.org/soap/encoding/"/>
   <complexType name="IsExistsResponse">
    <sequence>
     <element name="attribute1" nillable="true" type="xsd:string"/>
     <element name="attribute10" nillable="true" type="xsd:string"/>
     <element name="attribute2" nillable="true" type="xsd:string"/>
     <element name="attribute3" nillable="true" type="xsd:string"/>
     <element name="attribute4" nillable="true" type="xsd:string"/>
     <element name="attribute5" nillable="true" type="xsd:string"/>
     <element name="attribute6" nillable="true" type="xsd:string"/>
     <element name="attribute7" nillable="true" type="xsd:string"/>
     <element name="attribute8" nillable="true" type="xsd:string"/>
     <element name="attribute9" nillable="true" type="xsd:string"/>
     <element name="companyCode" nillable="true" type="xsd:string"/>
     <element name="companyName" nillable="true" type="xsd:string"/>
     <element name="ftpId" nillable="true" type="xsd:int"/>
     <element name="imageCount" nillable="true" type="xsd:int"/>
     <element name="imageNumber" nillable="true" type="xsd:string"/>
     <element name="imagePath" nillable="true" type="xsd:string"/>
     <element name="isBoe" nillable="true" type="xsd:string"/>
     <element name="operationTypeCode" nillable="true" type="xsd:string"/>
     <element name="operationTypeName" nillable="true" type="xsd:string"/>
     <element name="taskNumber" nillable="true" type="xsd:string"/>
    </sequence>
   </complexType>
  </schema>
 </wsdl:types>

     <message name="LoginRequest">

          <part name="username" type="xsd:string"/>

          <part name="password" type="xsd:string"/>

          <part name="language" type="xsd:string"/>

     </message>

     <message name="LoginResponse">

          <part name="LoginReturn" type="tns1:UserInfo"/>

     </message>

     <message name="getImageSeqNoRequest">

          <part name="ticket" type="xsd:string"/>

     </message>

     <message name="getImageSeqNoResponse">

          <part name="getImageSeqNoReturn" type="xsd:string"/>

     </message>

     <message name="FtpInfoRequest">

          <part name="ticket" type="xsd:string"/>

          <part name="sUser" type="xsd:string"/>

          <part name="iFtpIndex" type="xsd:int"/>

     </message>

     <message name="FtpInfoResponse">

          <part name="FtpInfoReturn" type="xsd:string"/>

     </message>

     <message name="GetSpecialTimeSpanRequest">

          <part name="ticket" type="xsd:string"/>

     </message>

     <message name="GetSpecialTimeSpanResponse">

          <part name="GetSpecialTimeSpanReturn" type="xsd:string"/>

     </message>

     <message name="GetImageCountRequest">

          <part name="sessionID" type="xsd:string"/>

          <part name="sBarCode" type="xsd:string"/>

     </message>

     <message name="GetImageCountResponse">

          <part name="GetImageCountReturn" type="xsd:int"/>

     </message>

     <message name="GetScanConfigRequest">

          <part name="sessionID" type="xsd:string"/>

     </message>

     <message name="GetScanConfigResponse">

          <part name="GetScanConfigReturn" type="xsd:string"/>

     </message>

     <message name="GetServCmdInfoRequest">

          <part name="sessionID" type="xsd:string"/>

          <part name="language" type="xsd:string"/>

     </message>

     <message name="GetServCmdInfoResponse">

          <part name="GetServCmdInfoReturn" type="xsd:string"/>

     </message>

     <message name="IsExistRequest">

          <part name="sessionID" type="xsd:string"/>

          <part name="sBarCode" type="xsd:string"/>

          <part name="language" type="xsd:string"/>

     </message>

     <message name="IsExistResponse">

          <part name="IsExistReturn" type="impl:ArrayOf_tns4_IsExistsResponse"/>

     </message>

     <message name="IsFinishByIDRequest">

          <part name="taskID" type="xsd:int"/>

     </message>

     <message name="IsFinishByIDResponse">

          <part name="IsFinishByIDReturn" type="xsd:string"/>

     </message>

     <message name="IsLoginRequest">

          <part name="ticket" type="xsd:string"/>

     </message>

     <message name="IsLoginResponse">

          <part name="IsLoginReturn" type="xsd:boolean"/>

     </message>

     <message name="LogoutRequest">

          <part name="ticket" type="xsd:string"/>

     </message>

     <message name="LogoutResponse"/>

     <message name="RealTimeAllowRequest">

          <part name="ticket" type="xsd:string"/>

          <part name="sUser" type="xsd:string"/>

     </message>

     <message name="RealTimeAllowResponse">

          <part name="RealTimeAllowReturn" type="xsd:boolean"/>

     </message>

     <message name="RelativePathRequest">

          <part name="ticket" type="xsd:string"/>

          <part name="sUser" type="xsd:string"/>

          <part name="iFtpIndex" type="xsd:int"/>

     </message>

     <message name="RelativePathResponse">

          <part name="RelativePathReturn" type="xsd:string"/>

     </message>

     <message name="UploadLogRequest">

          <part name="ticket" type="xsd:string"/>

          <part name="iScanType" type="xsd:int"/>

          <part name="sRoot" type="xsd:string"/>

          <part name="sIP" type="xsd:string"/>

          <part name="param" type="xsd:string"/>

          <part name="ftp_id" type="xsd:int"/>

          <part name="Company_code" type="xsd:string"/>

          <part name="Operation_code" type="xsd:string"/>

          <part name="language" type="xsd:string"/>

     </message>

     <message name="UploadLogResponse">

          <part name="UploadLogReturn" type="xsd:int"/>

     </message>

     <message name="CurrentTimeRequest">

          <part name="ticket" type="xsd:string"/>

     </message>

     <message name="CurrentTimeResponse">

          <part name="CurrentTimeReturn" type="xsd:string"/>

     </message>

     <portType name="SyncImage">

          <operation name="Login" parameterOrder="username password language">

               <input message="impl:LoginRequest" name="LoginRequest"/>

               <output message="impl:LoginResponse" name="LoginResponse"/>

          </operation>

          <operation name="getImageSeqNo" parameterOrder="ticket">

               <input message="impl:getImageSeqNoRequest" name="getImageSeqNoRequest"/>

               <output message="impl:getImageSeqNoResponse" name="getImageSeqNoResponse"/>

          </operation>

          <operation name="FtpInfo" parameterOrder="ticket sUser iFtpIndex">

               <input message="impl:FtpInfoRequest" name="FtpInfoRequest"/>

               <output message="impl:FtpInfoResponse" name="FtpInfoResponse"/>

          </operation>

          <operation name="GetSpecialTimeSpan" parameterOrder="ticket">

               <input message="impl:GetSpecialTimeSpanRequest" name="GetSpecialTimeSpanRequest"/>

               <output message="impl:GetSpecialTimeSpanResponse" name="GetSpecialTimeSpanResponse"/>

          </operation>

          <operation name="GetImageCount" parameterOrder="sessionID sBarCode">

               <input message="impl:GetImageCountRequest" name="GetImageCountRequest"/>

               <output message="impl:GetImageCountResponse" name="GetImageCountResponse"/>

          </operation>

          <operation name="GetScanConfig" parameterOrder="sessionID">

               <input message="impl:GetScanConfigRequest" name="GetScanConfigRequest"/>

               <output message="impl:GetScanConfigResponse" name="GetScanConfigResponse"/>

          </operation>

          <operation name="GetServCmdInfo" parameterOrder="sessionID language">

               <input message="impl:GetServCmdInfoRequest" name="GetServCmdInfoRequest"/>

               <output message="impl:GetServCmdInfoResponse" name="GetServCmdInfoResponse"/>

          </operation>

          <operation name="IsExist" parameterOrder="sessionID sBarCode language">

               <input message="impl:IsExistRequest" name="IsExistRequest"/>

               <output message="impl:IsExistResponse" name="IsExistResponse"/>

          </operation>

          <operation name="IsFinishByID" parameterOrder="taskID">

               <input message="impl:IsFinishByIDRequest" name="IsFinishByIDRequest"/>

               <output message="impl:IsFinishByIDResponse" name="IsFinishByIDResponse"/>

          </operation>

          <operation name="IsLogin" parameterOrder="ticket">

               <input message="impl:IsLoginRequest" name="IsLoginRequest"/>

               <output message="impl:IsLoginResponse" name="IsLoginResponse"/>

          </operation>

          <operation name="Logout" parameterOrder="ticket">

               <input message="impl:LogoutRequest" name="LogoutRequest"/>

               <output message="impl:LogoutResponse" name="LogoutResponse"/>

          </operation>

          <operation name="RealTimeAllow" parameterOrder="ticket sUser">

               <input message="impl:RealTimeAllowRequest" name="RealTimeAllowRequest"/>

               <output message="impl:RealTimeAllowResponse" name="RealTimeAllowResponse"/>

          </operation>

          <operation name="RelativePath" parameterOrder="ticket sUser iFtpIndex">

               <input message="impl:RelativePathRequest" name="RelativePathRequest"/>

               <output message="impl:RelativePathResponse" name="RelativePathResponse"/>

          </operation>

          <operation name="UploadLog" parameterOrder="ticket iScanType sRoot sIP param ftp_id Company_code Operation_code language">

               <input message="impl:UploadLogRequest" name="UploadLogRequest"/>

               <output message="impl:UploadLogResponse" name="UploadLogResponse"/>

          </operation>

          <operation name="CurrentTime" parameterOrder="ticket">

               <input message="impl:CurrentTimeRequest" name="CurrentTimeRequest"/>

               <output message="impl:CurrentTimeResponse" name="CurrentTimeResponse"/>

          </operation>

     </portType>

     <binding name="SyncImageSoapBinding" type="impl:SyncImage">

          <wsdlsoap:binding style="rpc" transport="http://schemas.xmlsoap.org/soap/http"/>

          <operation name="Login">

               <wsdlsoap:operation soapAction=""/>

               <input name="LoginRequest">

                    <wsdlsoap:body encodingStyle="http://schemas.xmlsoap.org/soap/encoding/" namespace="http://service.baseconfig.business.eimage.zte.com" use="encoded"/>

               </input>

               <output name="LoginResponse">

                    <wsdlsoap:body encodingStyle="http://schemas.xmlsoap.org/soap/encoding/" namespace="http://www.evs.com/services/SyncImage" use="encoded"/>

               </output>

          </operation>

          <operation name="getImageSeqNo">

               <wsdlsoap:operation soapAction=""/>

               <input name="getImageSeqNoRequest">

                    <wsdlsoap:body encodingStyle="http://schemas.xmlsoap.org/soap/encoding/" namespace="http://service.baseconfig.business.eimage.zte.com" use="encoded"/>

               </input>

               <output name="getImageSeqNoResponse">

                    <wsdlsoap:body encodingStyle="http://schemas.xmlsoap.org/soap/encoding/" namespace="http://www.evs.com/services/SyncImage" use="encoded"/>

               </output>

          </operation>

          <operation name="FtpInfo">

               <wsdlsoap:operation soapAction=""/>

               <input name="FtpInfoRequest">

                    <wsdlsoap:body encodingStyle="http://schemas.xmlsoap.org/soap/encoding/" namespace="http://service.baseconfig.business.eimage.zte.com" use="encoded"/>

               </input>

               <output name="FtpInfoResponse">

                    <wsdlsoap:body encodingStyle="http://schemas.xmlsoap.org/soap/encoding/" namespace="http://www.evs.com/services/SyncImage" use="encoded"/>

               </output>

          </operation>

          <operation name="GetSpecialTimeSpan">

               <wsdlsoap:operation soapAction=""/>

               <input name="GetSpecialTimeSpanRequest">

                    <wsdlsoap:body encodingStyle="http://schemas.xmlsoap.org/soap/encoding/" namespace="http://service.baseconfig.business.eimage.zte.com" use="encoded"/>

               </input>

               <output name="GetSpecialTimeSpanResponse">

                    <wsdlsoap:body encodingStyle="http://schemas.xmlsoap.org/soap/encoding/" namespace="http://www.evs.com/services/SyncImage" use="encoded"/>

               </output>

          </operation>

          <operation name="GetImageCount">

               <wsdlsoap:operation soapAction=""/>

               <input name="GetImageCountRequest">

                    <wsdlsoap:body encodingStyle="http://schemas.xmlsoap.org/soap/encoding/" namespace="http://service.baseconfig.business.eimage.zte.com" use="encoded"/>

               </input>

               <output name="GetImageCountResponse">

                    <wsdlsoap:body encodingStyle="http://schemas.xmlsoap.org/soap/encoding/" namespace="http://www.evs.com/services/SyncImage" use="encoded"/>

               </output>

          </operation>

          <operation name="GetScanConfig">

               <wsdlsoap:operation soapAction=""/>

               <input name="GetScanConfigRequest">

                    <wsdlsoap:body encodingStyle="http://schemas.xmlsoap.org/soap/encoding/" namespace="http://service.baseconfig.business.eimage.zte.com" use="encoded"/>

               </input>

               <output name="GetScanConfigResponse">

                    <wsdlsoap:body encodingStyle="http://schemas.xmlsoap.org/soap/encoding/" namespace="http://www.evs.com/services/SyncImage" use="encoded"/>

               </output>

          </operation>

          <operation name="GetServCmdInfo">

               <wsdlsoap:operation soapAction=""/>

               <input name="GetServCmdInfoRequest">

                    <wsdlsoap:body encodingStyle="http://schemas.xmlsoap.org/soap/encoding/" namespace="http://service.baseconfig.business.eimage.zte.com" use="encoded"/>

               </input>

               <output name="GetServCmdInfoResponse">

                    <wsdlsoap:body encodingStyle="http://schemas.xmlsoap.org/soap/encoding/" namespace="http://www.evs.com/services/SyncImage" use="encoded"/>

               </output>

          </operation>

          <operation name="IsExist">

               <wsdlsoap:operation soapAction=""/>

               <input name="IsExistRequest">

                    <wsdlsoap:body encodingStyle="http://schemas.xmlsoap.org/soap/encoding/" namespace="http://service.baseconfig.business.eimage.zte.com" use="encoded"/>

               </input>

               <output name="IsExistResponse">

                    <wsdlsoap:body encodingStyle="http://schemas.xmlsoap.org/soap/encoding/" namespace="http://www.evs.com/services/SyncImage" use="encoded"/>

               </output>

          </operation>

          <operation name="IsFinishByID">

               <wsdlsoap:operation soapAction=""/>

               <input name="IsFinishByIDRequest">

                    <wsdlsoap:body encodingStyle="http://schemas.xmlsoap.org/soap/encoding/" namespace="http://service.baseconfig.business.eimage.zte.com" use="encoded"/>

               </input>

               <output name="IsFinishByIDResponse">

                    <wsdlsoap:body encodingStyle="http://schemas.xmlsoap.org/soap/encoding/" namespace="http://www.evs.com/services/SyncImage" use="encoded"/>

               </output>

          </operation>

          <operation name="IsLogin">

               <wsdlsoap:operation soapAction=""/>

               <input name="IsLoginRequest">

                    <wsdlsoap:body encodingStyle="http://schemas.xmlsoap.org/soap/encoding/" namespace="http://service.baseconfig.business.eimage.zte.com" use="encoded"/>

               </input>

               <output name="IsLoginResponse">

                    <wsdlsoap:body encodingStyle="http://schemas.xmlsoap.org/soap/encoding/" namespace="http://www.evs.com/services/SyncImage" use="encoded"/>

               </output>

          </operation>

          <operation name="Logout">

               <wsdlsoap:operation soapAction=""/>

               <input name="LogoutRequest">

                    <wsdlsoap:body encodingStyle="http://schemas.xmlsoap.org/soap/encoding/" namespace="http://service.baseconfig.business.eimage.zte.com" use="encoded"/>

               </input>

               <output name="LogoutResponse">

                    <wsdlsoap:body encodingStyle="http://schemas.xmlsoap.org/soap/encoding/" namespace="http://www.evs.com/services/SyncImage" use="encoded"/>

               </output>

          </operation>

          <operation name="RealTimeAllow">

               <wsdlsoap:operation soapAction=""/>

               <input name="RealTimeAllowRequest">

                    <wsdlsoap:body encodingStyle="http://schemas.xmlsoap.org/soap/encoding/" namespace="http://service.baseconfig.business.eimage.zte.com" use="encoded"/>

               </input>

               <output name="RealTimeAllowResponse">

                    <wsdlsoap:body encodingStyle="http://schemas.xmlsoap.org/soap/encoding/" namespace="http://www.evs.com/services/SyncImage" use="encoded"/>

               </output>

          </operation>

          <operation name="RelativePath">

               <wsdlsoap:operation soapAction=""/>

               <input name="RelativePathRequest">

                    <wsdlsoap:body encodingStyle="http://schemas.xmlsoap.org/soap/encoding/" namespace="http://service.baseconfig.business.eimage.zte.com" use="encoded"/>

               </input>

               <output name="RelativePathResponse">

                    <wsdlsoap:body encodingStyle="http://schemas.xmlsoap.org/soap/encoding/" namespace="http://www.evs.com/services/SyncImage" use="encoded"/>

               </output>

          </operation>

          <operation name="UploadLog">

               <wsdlsoap:operation soapAction=""/>

               <input name="UploadLogRequest">

                    <wsdlsoap:body encodingStyle="http://schemas.xmlsoap.org/soap/encoding/" namespace="http://service.baseconfig.business.eimage.zte.com" use="encoded"/>

               </input>

               <output name="UploadLogResponse">

                    <wsdlsoap:body encodingStyle="http://schemas.xmlsoap.org/soap/encoding/" namespace="http://www.evs.com/services/SyncImage" use="encoded"/>

               </output>

          </operation>

          <operation name="CurrentTime">

               <wsdlsoap:operation soapAction=""/>

               <input name="CurrentTimeRequest">

                    <wsdlsoap:body encodingStyle="http://schemas.xmlsoap.org/soap/encoding/" namespace="http://service.baseconfig.business.eimage.zte.com" use="encoded"/>

               </input>

               <output name="CurrentTimeResponse">

                    <wsdlsoap:body encodingStyle="http://schemas.xmlsoap.org/soap/encoding/" namespace="http://www.evs.com/services/SyncImage" use="encoded"/>

               </output>

          </operation>

     </binding>

     <service name="SyncImageService">

          <port binding="impl:SyncImageSoapBinding" name="SyncImage">

               <wsdlsoap:address location="http://localhost:8080/haier_eis/services/SyncImage"/>

          </port>

     </service>

</definitions>
